Player,COUNTRY,TEAM,AGE,CAPTAINCY EXP,Paying_Role,Mat,Inns,Runs,BF,HS,Avg,SR,NO,4s,6s,0s,50s,100s,TMat,TInns,TRuns,TBF,THS,TAvg,TSR,TNO,T4s,T6s,T0s,T50s,T100s,B_Inns,B_Balls,B_Runs,B_Maidens,B_Wkts,B_Avg,B_Econ,B_SR,B_4w,B_5w,B_TInns,B_TBalls,B_TRuns,B_TMaidens,B_TWkts,B_TAvg,B_TEcon,B_TSR,B_T4w,B_T5w,SOLD_PRICE
Ruturaj Gaikwad,IND,CSK,26,0,Batting,36,36.0,1207.0,926.0,101.0,37.72,130.35,4.0,113.0,43.0,4.0,10.0,1.0,9.0,8.0,135.0,109.0,57.0,16.88,123.85,0.0,13.0,5.0,0.0,1.0,0.0,,,,,,,,,,,,,,,,,,,,,6cr
Shivam Dube,IND,CSK,29,0,All rounder,35,33.0,688.0,516.0,95.0,24.57,133.33,5.0,46.0,38.0,1.0,3.0,0.0,13.0,9.0,105.0,77.0,54.0,17.5,136.36,3.0,7.0,6.0,0.0,1.0,0.0,13.0,106.0,166.0,0.0,4.0,41.5,9.4,26.5,0.0,0.0,11.0,129.0,216.0,0.0,5.0,43.2,10.05,25.8,0.0,0.0,4cr
Ambati Rayudu,IND,CSK,37,0,Batting,188,175.0,4190.0,3296.0,100.0,28.9,127.12,30.0,349.0,164.0,14.0,22.0,1.0,6.0,5.0,42.0,50.0,20.0,10.5,84.0,1.0,5.0,0.0,2.0,0.0,0.0,,,,,,,,,,,,,,,,,,,,,6.75cr
Devon Conway,NZ,CSK,31,0,Batting,7,7.0,252.0,173.0,87.0,42,145.66,1.0,22.0,12.0,1.0,3.0,0.0,38.0,35.0,1234.0,947.0,99.0,45.7,130.31,8.0,118.0,32.0,0.0,9.0,0.0,,,,,,,,,,,,,,,,,,,,,1cr
Moeen Ali,ENG,CSK,35,0,All rounder,44,42.0,910.0,632.0,93.0,23.33,143.99,3.0,76.0,53.0,5.0,5.0,0.0,74.0,64.0,1076.0,750.0,72.0,22.42,413.47,16.0,83.0,57.0,9.0,7.0,0.0,37.0,554.0,627.0,0.0,24.0,26.12,6.79,23.08,0.0,0.0,58.0,829.0,1145.0,1.0,42.0,27.26,8.29,19.74,0.0,0.0,8cr
MS Dhoni,IND,CSK,41,15,Batting,234,206.0,4978.0,3682.0,84.0,39.2,135.2,79.0,346.0,229.0,4.0,24.0,0.0,98.0,85.0,1617.0,1282.0,56.0,37.6,126.13,42.0,116.0,52.0,1.0,2.0,0.0,,,,,,,,,,,,,,,,,,,,,12cr
Ravindra Jadeja,IND,CSK,34,1,All rounder,210,161.0,2502.0,1960.0,62.0,26.62,127.65,67.0,182.0,90.0,8.0,2.0,0.0,64.0,34.0,457.0,367.0,46.0,24.05,124.52,15.0,34.0,12.0,2.0,0.0,0.0,181.0,3205.0,4064.0,2.0,132.0,30.79,7.61,24.28,3.0,1.0,62.0,1237.0,1453.0,4.0,51.0,28.49,7.05,24.25,0.0,0.0,16cr
Dwaine Pretorius,SA,CSK,33,0,All rounder,6,5.0,44.0,28.0,22.0,11,157.14,1.0,3.0,3.0,1.0,0.0,0.0,30.0,17.0,261.0,159.0,77.0,21.75,164.15,5.0,22.0,15.0,2.0,1.0,0.0,6.0,126.0,210.0,0.0,6.0,35.0,10.0,21.0,0.0,0.0,27.0,504.0,696.0,0.0,35.0,19.89,14.4,0.0,1.0,,50l
Jagadeesan Narayan,IND,CSK,27,0,Batting,7,4.0,73.0,66.0,39.0,24.33,110.61,1.0,7.0,1.0,1.0,0.0,0.0,,,,,,,,,,,,,,,,,,,,,,,,,,,,,,,,,,20l
Dwayne Bravo,WI,CSK,39,0,All rounder,161,113.0,1560.0,1204.0,70.0,22.61,129.57,44.0,121.0,66.0,5.0,5.0,0.0,91.0,74.0,1255.0,1090.0,66.0,22.02,115.14,17.0,73.0,55.0,5.0,4.0,0.0,158.0,3119.0,4360.0,3.0,183.0,23.83,8.39,17.04,2.0,0.0,77.0,1505.0,2036.0,0.0,78.0,26.1,8.12,19.29,3.0,0.0,4.40cr
Mitchell Santner,NZ,CSK,31,0,All rounder,12,6.0,54.0,50.0,22.0,18,108.0,3.0,3.0,3.0,0.0,0.0,0.0,83.0,56.0,530.0,424.0,77.0,17.1,125.0,25.0,39.0,17.0,5.0,1.0,0.0,12.0,240.0,277.0,0.0,10.0,27.7,6.92,24.0,0.0,0.0,82.0,1718.0,2021.0,2.0,91.0,22.21,7.06,18.88,2.0,0.0,1.90cr
Chris Jordan,ENG,CSK,34,0,All rounder,28,11.0,75.0,65.0,30.0,9.38,115.38,3.0,3.0,3.0,1.0,0.0,0.0,87.0,53.0,432.0,326.0,36.0,14.9,132.52,24.0,31.0,21.0,3.0,0.0,0.0,28.0,536.0,833.0,0.0,27.0,30.85,9.32,19.85,1.0,0.0,86.0,1804.0,2622.0,2.0,96.0,27.31,8.72,18.79,3.0,0.0,3.60cr
Maheesh Theekshana,SL,CSK,22,0,Bowling,9,,,,,,,,,,,,,35.0,,,,,,,,,,,,,9.0,210.0,261.0,0.0,12.0,21.75,7.45,17.5,1.0,0.0,35.0,805.0,912.0,0.0,32.0,28.5,6.8,25.16,0.0,0.0,70l
Simarjeet Singh,IND,CSK,25,0,Bowling,6,,,,,,,,,,,,,,,,,,,,,,,,,,6.0,108.0,138.0,0.0,4.0,34.5,7.66,27.0,0.0,0.0,,,,,,,,,,,20l
Mukesh Choudhary,IND,CSK,26,0,Bowling,13,,,,,,,,,,,,,,,,,,,,,,,,,,13.0,273.0,424.0,0.0,16.0,26.5,9.31,17.06,1.0,0.0,,,,,,,,,,,20l
Prashant Solanki,IND,CSK,23,0,Bowling,2,,,,,,,,,,,,,,,,,,,,,,,,,,2.0,36.0,38.0,0.0,2.0,19.0,6.33,18.0,0.0,0.0,,,,,,,,,,,1.20cr
Matheesha Pathirana,SL,CSK,20,0,Bowling,2,,,,,,,,,,,,,1.0,,,,,,,,,,,,,2.0,41.0,52.0,0.0,2.0,26.0,7.6,20.5,0.0,0.0,1.0,6.0,16.0,0.0,0.0,0.0,16.0,0.0,0.0,0.0,20l
Tushar Deshpande,IND,CSK,27,0,Bowling,7,,,,,,,,,,,,,,,,,,,,,,,,,,7.0,144.0,255.0,0.0,4.0,63.75,10.62,36.0,0.0,0.0,,,,,,,,,,,20l
David Warner,AUS,DC,36,6,Batting,162,162.0,5881.0,4180.0,126.0,42.01,140.69,22.0,578.0,215.0,9.0,55.0,4.0,99.0,99.0,2894.0,2048.0,100.0,32.89,141.31,11.0,296.0,105.0,6.0,24.0,1.0,,,,,,,,,,,,,,,,,,,,,6.25cr
Rishabh Pant,IND,DC,25,2,Batting,98,97.0,2338.0,1918.0,128.0,34.61,147.97,15.0,260.0,129.0,4.0,15.0,1.0,66.0,56.0,987.0,780.0,65.0,22.43,126.54,12.0,86.0,37.0,3.0,3.0,0.0,,,,,,,,,,,,,,,,,,,,,16cr
Prithvi Shaw,IND,DC,23,0,Batting,63,63.0,1588.0,1077.0,99.0,25.21,147.45,0.0,192.0,55.0,5.0,12.0,0.0,1.0,1.0,0.0,1.0,0.0,0.0,0.0,0.0,0.0,0.0,1.0,0.0,0.0,,,,,,,,,,,,,,,,,,,,,7.50cr
Mitchell Marsh,AUS,DC,31,0,All rounder,29,23.0,476.0,386.0,89.0,22.67,123.32,2.0,28.0,28.0,2.0,2.0,0.0,46.0,44.0,1086.0,855.0,77.0,29.35,127.02,7.0,86.0,45.0,2.0,6.0,0.0,23.0,391.0,522.0,0.0,24.0,21.75,8.01,16.29,1.0,0.0,23.0,264.0,348.0,0.0,15.0,13.2,7.91,17.6,0.0,0.0,6.50cr
Rovman Powell,WI,DC,29,0,Batting,14,12.0,250.0,167.0,67.0,25,149.7,2.0,10.0,22.0,2.0,1.0,0.0,55.0,46.0,890.0,661.0,107.0,23.42,134.64,8.0,53.0,55.0,2.0,4.0,1.0,,,,,,,,,,,,,,,,,,,,,2.80cr
Axar Patel,IND,DC,29,0,All rounder,122,88.0,1135.0,881.0,44.0,19.24,128.83,29.0,67.0,54.0,6.0,0.0,0.0,40.0,25.0,288.0,189.0,65.0,22.15,152.38,12.0,24.0,13.0,1.0,1.0,0.0,121.0,2553.0,3083.0,2.0,101.0,30.52,7.25,25.28,1.0,0.0,39.0,745.0,929.0,1.0,37.0,25.11,7.48,20.14,0.0,0.0,9cr
Lalit Yadav,IND,DC,26,0,All rounder,19,13.0,229.0,219.0,48.0,25.44,104.57,4.0,18.0,7.0,1.0,0.0,0.0,,,,,,,,,,,,,,13.0,192.0,251.0,0.0,8.0,31.38,7.84,24.0,0.0,0.0,,,,,,,,,,,65l
Shardul Thakur,IND,DC,31,0,All rounder,75,24.0,173.0,134.0,29.0,10.81,129.1,8.0,12.0,8.0,5.0,0.0,0.0,25.0,6.0,69.0,38.0,22.0,23.0,181.58,3.0,5.0,4.0,2.0,0.0,0.0,74.0,1550.0,2340.0,3.0,82.0,28.54,9.06,18.9,1.0,0.0,24.0,506.0,772.0,0.0,33.0,23.39,9.15,15.33,1.0,0.0,10.75cr
Sarfaraz Khan,IND,DC,25,0,Batting,46,33.0,532.0,386.0,67.0,24.18,137.82,11.0,59.0,13.0,3.0,1.0,0.0,,,,,,,,,,,,,,,,,,,,,,,,,,,,,,,,,,20l
Kuldeep Yadav,IND,DC,28,0,Bowling,59,,,,,,,,,,,,,28.0,,,,,,,,,,,,,57.0,1194.0,1655.0,0.0,61.0,27.13,8.32,19.57,3.0,0.0,27.0,519.0,666.0,2.0,46.0,14.48,6.76,12.85,1.0,1.0,2cr
Mandeep Singh,IND,DC,31,0,Batting,108,95.0,1692.0,1372.0,77.0,21.42,123.32,16.0,176.0,37.0,14.0,6.0,0.0,3.0,3.0,87.0,73.0,52.0,43.5,119.18,1.0,11.0,1.0,0.0,1.0,0.0,,,,,,,,,,,,,,,,,,,,,1.10cr
Srikar Bharat,IND,DC,29,0,Batting,10,9.0,199.0,163.0,78.0,28.43,122.09,2.0,12.0,8.0,1.0,1.0,0.0,,,,,,,,,,,,,,,,,,,,,,,,,,,,,,,,,,2cr
Ripal Patel,IND,DC,27,0,All rounder,4,3.0,31.0,30.0,18.0,15.5,103.33,1.0,3.0,1.0,0.0,0.0,0.0,,,,,,,,,,,,,,1.0,18.0,22.0,0.0,0.0,0.0,7.33,0.0,0.0,0.0,,,,,,,,,,,20l
Mustafizur Rahman,BAN,DC,27,0,Bowling,46,,,,,,,,,,,,,81.0,,,,,,,,,,,,,46.0,1050.0,1365.0,1.0,46.0,29.67,7.8,22.83,0.0,0.0,80.0,1744.0,2196.0,6.0,100.0,21.96,7.56,17.44,3.0,1.0,2cr
Anrich Nortje,SA,DC,29,0,Bowling,30,,,,,,,,,,,,,29.0,,,,,,,,,,,,,30.0,682.0,916.0,1.0,43.0,21.3,8.06,15.86,0.0,0.0,28.0,581.0,689.0,0.0,35.0,19.69,7.12,16.6,2.0,0.0,6.50cr
Khaleel Ahmed,IND,DC,25,0,Bowling,34,,,,,,,,,,,,,14.0,,,,,,,,,,,,,34.0,778.0,1101.0,0.0,48.0,22.94,8.49,16.21,0.0,0.0,14.0,312.0,459.0,1.0,13.0,35.31,8.83,24.0,0.0,0.0,5.25cr
Chetan Sakariya,IND,DC,25,0,Bowling,17,,,,,,,,,,,,,2.0,,,,,,,,,,,,,17.0,378.0,510.0,1.0,17.0,30.0,8.1,22.24,0.0,0.0,1.0,22.0,34.0,0.0,1.0,34.0,9.27,22.0,0.0,0.0,4.20cr
Hardik Pandya,IND,GT,29,1,All rounder,107,100.0,1963.0,1330.0,91.0,30.2,147.59,35.0,146.0,110.0,5.0,8.0,0.0,87.0,67.0,1271.0,894.0,71.0,25.42,142.17,17.0,92.0,65.0,3.0,3.0,0.0,70.0,1052.0,1535.0,0.0,50.0,30.7,8.75,21.04,0.0,0.0,76.0,1347.0,1824.0,1.0,69.0,26.43,8.15,19.46,3.0,0.0,15cr
Shubman Gill,IND,GT,23,0,Batting,74,71.0,1900.0,1517.0,96.0,32.2,125.25,12.0,188.0,47.0,3.0,14.0,0.0,6.0,6.0,202.0,122.0,126.0,40.4,165.57,1.0,19.0,10.0,0.0,0.0,1.0,,,,,,,,,,,,,,,,,,,,,8cr
David Miller,SA,GT,33,1,Batting,105,102.0,2455.0,1783.0,101.0,36.64,137.69,35.0,169.0,113.0,3.0,12.0,1.0,111.0,96.0,2149.0,1489.0,106.0,34.66,144.33,34.0,141.0,103.0,1.0,6.0,2.0,,,,,,,,,,,,,,,,,,,,,3cr
Wriddhiman Saha,IND,GT,38,0,Batting,144,119.0,2427.0,1898.0,115.0,25.28,127.87,23.0,231.0,76.0,5.0,11.0,1.0,,,,,,,,,,,,,,,,,,,,,,,,,,,,,,,,,,1.90cr
Rahul Tewatia,IND,GT,29,0,All rounder,64,46.0,738.0,566.0,53.0,25.45,130.39,17.0,57.0,35.0,0.0,1.0,0.0,,,,,,,,,,,,,,50.0,830.0,1096.0,0.0,32.0,34.25,7.92,25.94,0.0,0.0,,,,,,,,,,,9cr
Matthew Wade,AUS,GT,35,0,Batting,13,13.0,179.0,171.0,35.0,13.77,104.68,0.0,23.0,2.0,0.0,0.0,0.0,75.0,57.0,1018.0,771.0,80.0,24.83,132.04,16.0,81.0,38.0,1.0,3.0,0.0,,,,,,,,,,,,,,,,,,,,,2.40cr
Sai Sudharsan,IND,GT,21,0,Batting,5,5.0,145.0,114.0,65.0,36.25,127.19,1.0,14.0,3.0,0.0,1.0,0.0,,,,,,,,,,,,,,,,,,,,,,,,,,,,,,,,,,20l
Abhinav Manohar,IND,GT,28,0,Batting,8,7.0,108.0,75.0,43.0,18,144.0,1.0,14.0,3.0,1.0,0.0,0.0,,,,,,,,,,,,,,,,,,,,,,,,,,,,,,,,,,2.60cr
Rashid Khan,AFG,GT,24,0,All rounder,92,43.0,313.0,206.0,40.0,11.18,151.94,15.0,20.0,22.0,12.0,0.0,0.0,77.0,43.0,345.0,267.0,48.0,15.0,129.21,20.0,21.0,21.0,7.0,0.0,0.0,92.0,2195.0,2833.0,4.0,112.0,20.83,6.38,19.6,1.0,0.0,77.0,1754.0,1820.0,1.0,126.0,14.44,6.23,13.92,4.0,2.0,15cr
Vijay Shankar,IND,GT,32,0,All rounder,51,43.0,731.0,599.0,63.0,23.58,122.04,12.0,46.0,28.0,2.0,3.0,0.0,9.0,4.0,101.0,73.0,43.0,25.25,139.36,0.0,11.0,5.0,0.0,0.0,0.0,22.0,238.0,344.0,0.0,9.0,38.22,8.67,26.44,0.0,0.0,6.0,126.0,191.0,0.0,5.0,38.2,9.1,25.2,0.0,0.0,1.40cr
Lockie Ferguson,NZ,GT,31,0,Bowling,35,,,,,,,,,,,,,31.0,,,,,,,,,,,,,35.0,765.0,1075.0,1.0,36.0,29.86,8.43,21.25,1.0,0.0,31.0,650.0,826.0,1.0,43.0,19.21,7.62,15.12,1.0,1.0,10cr
Alzarri Joseph,WI,GT,26,0,Bowling,12,,,,,,,,,,,,,10.0,,,,,,,,,,,,,12.0,232.0,351.0,1.0,13.0,27.0,9.08,17.85,0.0,1.0,10.0,240.0,299.0,0.0,16.0,18.69,7.47,15.0,1.0,0.0,2.40cr
Pradeep Sangwan,IND,GT,32,0,Bowling,42,,,,,,,,,,,,,,,,,,,,,,,,,,42.0,856.0,1240.0,1.0,38.0,32.63,8.69,22.53,0.0,0.0,,,,,,,,,,,20l
Mohammad Shami,IND,GT,32,0,Bowling,93,,,,,,,,,,,,,23.0,,,,,,,,,,,,,93.0,2036.0,2890.0,1.0,99.0,29.19,8.52,20.57,0.0,0.0,23.0,477.0,711.0,1.0,24.0,29.62,8.94,19.88,0.0,0.0,6.25cr
Yash Dayal,IND,GT,25,0,Bowling,9,,,,,,,,,,,,,,,,,,,,,,,,,,9.0,192.0,296.0,0.0,11.0,26.9,9.25,17.45,0.0,0.0,,,,,,,,,,,3.20cr
Sai Kishore,IND,GT,26,0,Bowling,5,,,,,,,,,,,,,,,,,,,,,,,,,,5.0,96.0,121.0,0.0,6.0,20.16,7.56,16.0,0.0,0.0,,,,,,,,,,,3cr
Varun Aaron,IND,GT,33,0,Bowling,52,,,,,,,,,,,,,,,,,,,,,,,,,,50.0,994.0,1481.0,2.0,44.0,33.66,8.94,22.59,0.0,0.0,,,,,,,,,,,50l
Darshan Nalkande,IND,GT,24,0,Bowling,2,,,,,,,,,,,,,,,,,,,,,,,,,,2.0,31.0,59.0,0.0,2.0,29.5,11.41,15.5,0.0,0.0,,,,,,,,,,,20l
Shreyas Iyer,IND,KKR,28,3,Batting,101,101.0,2776.0,2214.0,96.0,31.55,125.38,13.0,237.0,99.0,5.0,19.0,0.0,49.0,45.0,1043.0,767.0,74.0,30.68,135.98,11.0,85.0,42.0,4.0,7.0,0.0,,,,,,,,,,,,,,,,,,,,,12.25cr
Nitish Rana,IND,KKR,29,0,Batting,91,85.0,2181.0,1625.0,87.0,27.96,134.22,7.0,190.0,111.0,7.0,15.0,0.0,2.0,2.0,15.0,27.0,9.0,7.5,55.56,0.0,0.0,0.0,0.0,0.0,0.0,,,,,,,,,,,,,,,,,,,,,8cr
Andre Russell,WI,KKR,34,0,All rounder,98,82.0,2035.0,1144.0,88.0,30.37,177.88,15.0,137.0,175.0,4.0,10.0,0.0,67.0,57.0,741.0,475.0,51.0,19.5,156.0,19.0,42.0,62.0,9.0,1.0,0.0,89.0,1430.0,2179.0,0.0,89.0,24.48,9.14,16.07,2.0,1.0,56.0,891.0,1364.0,0.0,39.0,34.97,9.19,22.85,0.0,0.0,12cr
Venkatesh Iyer,IND,KKR,28,0,All rounder,22,22.0,552.0,457.0,67.0,27.6,120.79,2.0,54.0,21.0,1.0,5.0,0.0,9.0,7.0,133.0,82.0,35.0,33.25,162.2,3.0,15.0,5.0,0.0,0.0,0.0,8.0,75.0,115.0,0.0,3.0,38.33,9.2,25.0,0.0,0.0,4.0,55.0,75.0,0.0,5.0,15.0,8018.0,11.0,0.0,0.0,8cr
Rinku Singh,IND,KKR,25,0,Batting,17,15.0,251.0,193.0,42.0,20.92,130.05,3.0,23.0,9.0,0.0,0.0,0.0,,,,,,,,,,,,,,,,,,,,,,,,,,,,,,,,,,55l
Sam Billings,ENG,KKR,31,0,Batting,30,27.0,503.0,388.0,56.0,19.35,129.64,1.0,40.0,20.0,3.0,3.0,0.0,37.0,33.0,478.0,368.0,87.0,17.07,129.89,5.0,41.0,16.0,1.0,2.0,0.0,,,,,,,,,,,,,,,,,,,,,2cr
Ajinkya Rahane,IND,KKR,34,2,Batting,158,148.0,4074.0,3376.0,105.0,30.86,120.68,16.0,431.0,80.0,13.0,28.0,2.0,20.0,20.0,375.0,331.0,61.0,20.83,113.29,2.0,32.0,6.0,2.0,1.0,0.0,,,,,,,,,,,,,,,,,,,,,1cr
Sunil Narine,WI,KKR,34,0,All rounder,148,86.0,1025.0,630.0,75.0,14.86,162.7,17.0,112.0,63.0,12.0,4.0,0.0,51.0,23.0,155.0,138.0,30.0,10.33,112.32,8.0,13.0,5.0,2.0,0.0,0.0,147.0,3457.0,3820.0,4.0,152.0,25.13,6.63,22.74,7.0,1.0,49.0,1102.0,1105.0,1.0,52.0,21.25,6.02,21.19,1.0,0.0,6cr
Pat Cummins,AUS,KKR,29,0,All rounder,42,31.0,379.0,249.0,66.0,18.95,152.21,11.0,24.0,26.0,4.0,3.0,0.0,50.0,23.0,116.0,94.0,21.0,9.67,123.4,11.0,6.0,6.0,3.0,0.0,0.0,42.0,953.0,1357.0,1.0,45.0,30.16,8.54,21.18,1.0,0.0,50.0,1098.0,1350.0,3.0,55.0,24.55,7.38,19.96,0.0,0.0,7.25cr
Umesh Yadav,IND,KKR,35,0,Bowling,133,7.0,3.0,55.0,21.0,13.75,40.0,137.5,4.0,4.0,,,,9.0,,,,,,,,,,,,,132.0,2810.0,3918.0,5.0,135.0,29.02,8.37,20.81,3.0,0.0,9.0,180.0,280.0,0.0,12.0,23.33,9.33,15.0,0.0,0.0,2cr
Tim Seifert,NZ,KKR,28,0,Batting,3,3.0,26.0,23.0,21.0,8.67,113.04,0.0,4.0,0.0,0.0,0.0,0.0,40.0,37.0,753.0,580.0,84.0,23.53,129.83,5.0,63.0,37.0,2.0,5.0,0.0,,,,,,,,,,,,,,,,,,,,,50l
Sheldon Jackson,IND,KKR,36,0,Batting,9,8.0,61.0,57.0,16.0,10.17,107.02,2.0,5.0,1.0,1.0,0.0,0.0,,,,,,,,,,,,,,,,,,,,,,,,,,,,,,,,,,60l
B Indrajith,IND,KKR,28,0,Batting,3,3.0,21.0,30.0,15.0,7,70.0,0.0,2.0,0.0,1.0,0.0,0.0,,,,,,,,,,,,,,,,,,,,,,,,,,,,,,,,,,20l
Varun Chakaravarthy,IND,KKR,31,0,Bowling,42,,,,,-,,,,,,,,6.0,,,,,,,,,,,,,42.0,972.0,1171.0,0.0,42.0,27.88,7.23,23.14,0.0,1.0,6.0,135.0,132.0,0.0,2.0,66.0,5.87,67.5,0.0,0.0,8cr
Rasikh Salam,IND,KKR,22,0,Bowling,3,,,,,,,,,,,,,,,,,,,,,,,,,,3.0,48.0,70.0,0.0,0.0,0.0,8.75,0.0,0.0,0.0,,,,,,,,,,,20l
Abhijeet Tomar,IND,KKR,28,0,Batting,1,1.0,4.0,8.0,4.0,4,50.0,0.0,1.0,0.0,0.0,0.0,0.0,,,,,,,,,,,,,,,,,,,,,,,,,,,,,,,,,,40l
Shivam Mavi,IND,KKR,24,0,All rounder,32,12.0,51.0,56.0,20.0,5.67,91.07,3.0,4.0,2.0,3.0,0.0,0.0,6.0,2.0,28.0,18.0,26.0,14.0,155.56,0.0,2.0,2.0,0.0,0.0,0.0,32.0,649.0,942.0,2.0,30.0,31.4,8.71,21.63,1.0,0.0,6.0,84.0,123.0,0.0,7.0,17.57,8.79,12.0,1.0,0.0,7.25cr
Harshit Rana,IND,KKR,21,0,Bowling,2,,,,,,,,,,,,,,,,,,,,,,,,,,2.0,30.0,51.0,0.0,1.0,51.0,10.2,30.0,0.0,0.0,,,,,,,,,,,20l
Tim Southee,NZ,KKR,34,0,Bowling,52,,,,,,,,,,,,,106.0,,,,,,,,,,,,,52.0,1170.0,1663.0,2.0,45.0,36.96,8.53,26.0,0.0,0.0,104.0,2311.0,3144.0,3.0,134.0,23.46,8.16,17.25,1.0,1.0,1.50cr
Anukul Roy,IND,KKR,24,0,Bowling,3,,,,,,,,,,,,,,,,,,,,,,,,,,3.0,54.0,66.0,0.0,2.0,33.0,7.33,27.0,0.0,0.0,,,,,,,,,,,20l
K L Rahul,IND,LSG,30,3,Batting,109,100.0,3889.0,2855.0,132.0,48.01,136.22,19.0,327.0,164.0,4.0,31.0,4.0,72.0,68.0,2265.0,1628.0,110.0,37.75,139.13,8.0,191.0,99.0,5.0,22.0,2.0,,,,,,,,,,,,,,,,,,,,,17cr
Quinton De Kock,SA,LSG,30,0,Batting,92,92.0,2764.0,2064.0,140.0,32.14,133.91,6.0,277.0,106.0,3.0,19.0,2.0,77.0,76.0,2156.0,1592.0,79.0,32.18,135.43,9.0,222.0,78.0,5.0,14.0,0.0,,,,,,,,,,,,,,,,,,,,,6.75cr
Deepak Hooda,IND,LSG,27,0,All rounder,95,75.0,1236.0,936.0,64.0,20.26,132.05,14.0,77.0,56.0,3.0,7.0,0.0,21.0,17.0,368.0,250.0,104.0,30.67,147.2,5.0,29.0,18.0,2.0,0.0,1.0,30.0,349.0,501.0,0.0,10.0,50.1,8.61,34.9,0.0,0.0,8.0,95.0,76.0,0.0,6.0,12.67,4.8,15.83,1.0,0.0,5.75cr
Krunal Pandya,IND,LSG,31,0,All rounder,98,85.0,1326.0,970.0,86.0,22.1,136.7,25.0,121.0,50.0,3.0,1.0,0.0,19.0,10.0,124.0,95.0,26.0,24.8,130.53,5.0,8.0,6.0,0.0,0.0,0.0,93.0,1672.0,2038.0,1.0,61.0,33.41,7.31,27.41,0.0,0.0,19.0,410.0,554.0,1.0,15.0,36.93,8.11,27.33,1.0,0.0,8.25cr
Ayush Badoni,IND,LSG,23,0,All rounder,13,11.0,161.0,130.0,54.0,20.12,123.85,3.0,11.0,7.0,1.0,1.0,0.0,,,,,,,,,,,,,,2.0,12.0,11.0,0.0,2.0,5.5,5.5,6.0,0.0,0.0,,,,,,,,,,,20l
Marcus Stoinis,AUS,LSG,33,0,All rounder,67,59.0,1070.0,779.0,65.0,26.1,137.36,18.0,83.0,48.0,6.0,4.0,0.0,51.0,42.0,803.0,545.0,78.0,29.74,147.34,15.0,69.0,35.0,2.0,2.0,0.0,50.0,654.0,1048.0,0.0,34.0,30.82,9.61,19.24,1.0,0.0,29.0,428.0,614.0,0.0,18.0,34.11,8.61,23.78,0.0,0.0,9.20cr
Manish Pandey,IND,LSG,33,0,Batting,160,149.0,3648.0,3002.0,114.0,29.9,121.52,27.0,317.0,105.0,12.0,21.0,1.0,39.0,33.0,709.0,562.0,79.0,44.31,126.16,17.0,49.0,19.0,2.0,3.0,0.0,,,,,,,,,,,,,,,,,,,,,4.60cr
Evin Lewis,WI,LSG,31,0,Batting,27,26.0,654.0,477.0,65.0,27.25,137.11,2.0,62.0,36.0,2.0,4.0,0.0,53.0,52.0,1465.0,964.0,125.0,29.3,151.97,2.0,108.0,111.0,4.0,10.0,2.0,,,,,,,,,,,,,,,,,,,,,2cr
Jason Holder,WI,LSG,31,0,All rounder,38,24.0,247.0,199.0,47.0,13,124.12,5.0,13.0,17.0,1.0,0.0,0.0,49.0,34.0,385.0,319.0,38.0,15.4,120.69,9.0,23.0,21.0,4.0,0.0,0.0,38.0,824.0,1177.0,0.0,49.0,24.02,8.57,16.82,1.0,0.0,46.0,1006.0,1370.0,1.0,51.0,26.86,8.17,19.73,2.0,1.0,8.75cr
Dushmantha Chameera,SL,LSG,31,0,Bowling,12,,,,,,,,,,,,,52.0,,,,,,,,,,,,,12.0,264.0,384.0,0.0,9.0,42.66,8.72,29.33,0.0,0.0,52.0,1118.0,1507.0,0.0,52.0,28.98,8.09,21.5,1.0,0.0,2cr
Mohsin Khan,IND,LSG,24,0,Bowling,9,,,,,,,,,,,,,,,,,,,,,,,,,,9.0,198.0,197.0,2.0,14.0,14.07,5.96,14.14,1.0,0.0,,,,,,,,,,,20l
Avesh Khan,IND,LSG,26,0,Bowling,38,,,,,,,,,,,,,15.0,,,,,,,,,,,,,38.0,832.0,1165.0,1.0,47.0,24.79,8.4,17.7,1.0,0.0,14.0,278.0,422.0,1.0,13.0,32.46,9.11,21.38,1.0,0.0,10cr
Manan Vohra,IND,LSG,29,0,Batting,55,50.0,1073.0,818.0,95.0,22.35,131.17,2.0,103.0,43.0,3.0,3.0,0.0,,,,,,,,,,,,,,,,,,,,,,,,,,,,,,,,,,20l
Karan Sharma,IND,LSG,24,0,All rounder,1,1.0,4.0,4.0,4.0,4,100.0,0.0,1.0,0.0,0.0,0.0,0.0,,,,,,,,,,,,,,,,,,,,,,,,,,,,,,,,,,20l
Ravi Bishnoi,IND,LSG,22,0,Bowling,37,,,,,,,,,,,,,10.0,,,,,,,,,,,,,37.0,846.0,1062.0,1.0,37.0,28.7,7.53,22.86,0.0,0.0,10.0,232.0,274.0,0.0,16.0,17.12,7.09,14.5,1.0,0.0,4cr
Krishnappa Gowtham,IND,LSG,34,0,All rounder,28,20.0,186.0,111.0,33.0,13.29,167.57,6.0,13.0,12.0,2.0,0.0,0.0,,,,,,,,,,,,,,28.0,480.0,661.0,1.0,18.0,36.72,8.26,26.67,0.0,0.0,,,,,,,,,,,90l
Andrew Tye,AUS,LSG,36,0,Bowling,30,,,,,,,,,,,,,32.0,,,,,,,,,,,,,30.0,684.0,979.0,0.0,42.0,23.31,8.59,16.29,3.0,1.0,31.0,683.0,997.0,1.0,47.0,21.21,8.76,14.53,1.0,0.0,1cr
Ishan Kishan,IND,MI,24,0,Batting,75,70.0,1870.0,1413.0,99.0,29.22,132.34,6.0,166.0,85.0,6.0,12.0,0.0,27.0,27.0,653.0,532.0,89.0,25.12,122.74,1.0,71.0,25.0,0.0,4.0,0.0,,,,,,,,,,,,,,,,,,,,,15.25cr
Tilak Varma,IND,MI,20,0,Batting,14,14.0,397.0,303.0,61.0,36.09,131.02,3.0,29.0,16.0,1.0,2.0,0.0,,,,,,,,,,,,,,,,,,,,,,,,,,,,,,,,,,1.70cr
Suryakumar Yadav,IND,MI,32,0,Batting,123,108.0,2644.0,1933.0,82.0,30.05,136.78,20.0,284.0,84.0,6.0,16.0,0.0,48.0,46.0,1675.0,953.0,117.0,46.53,175.76,10.0,150.0,96.0,3.0,13.0,3.0,,,,,,,,,,,,,,,,,,,,,8cr
Rohit Sharma,IND,MI,35,10,Batting,227,222.0,5879.0,4526.0,109.0,30.3,129.89,28.0,519.0,240.0,14.0,40.0,1.0,148.0,140.0,3853.0,2767.0,118.0,30.82,139.25,15.0,348.0,182.0,10.0,29.0,4.0,,,,,,,,,,,,,,,,,,,,,16cr
Tim David,AUS,MI,27,0,All rounder,9,9.0,187.0,89.0,46.0,31.17,210.11,3.0,12.0,16.0,0.0,0.0,0.0,22.0,20.0,611.0,384.0,92.0,35.94,159.11,3.0,50.0,32.0,2.0,4.0,0.0,,,,,,,,,,,11.0,164.0,255.0,0.0,5.0,51.0,9.33,32.8,0.0,0.0,8.25cr
Dewald Brevis,SA,MI,19,0,All rounder,7,7.0,161.0,113.0,49.0,23,142.48,0.0,14.0,11.0,0.0,0.0,0.0,,,,,,,,,,,,,,1.0,3.0,8.0,0.0,1.0,8.0,0.0,3.0,0.0,0.0,,,,,,,,,,,3cr
Jaydev Unadkat,IND,MI,31,0,Bowling,91,,,,,,,,,,,,,10.0,,,,,,,,,,,,,90.0,1896.0,2778.0,3.0,91.0,30.53,8.79,20.84,0.0,2.0,10.0,208.0,301.0,0.0,14.0,21.5,8.68,14.86,0.0,0.0,1.30cr
Ramandeep Singh,IND,MI,25,0,Batting,5,4.0,45.0,40.0,14.0,22.5,112.5,2.0,3.0,1.0,0.0,0.0,0.0,,,,,,,,,,,,,,3.0,,54.0,,6.0,9.0,9.0,6.0,0.0,0.0,,,,,,,,,,,20l
Hrithik Shokeen,IND,MI,22,0,All rounder,5,3.0,43.0,48.0,25.0,21.5,89.58,1.0,5.0,0.0,0.0,0.0,0.0,,,,,,,,,,,,,,5.0,90.0,127.0,0.0,2.0,63.5,8.46,45.0,0.0,0.0,,,,,,,,,,,20l
Daniel Sams,AUS,MI,30,0,All rounder,16,13.0,44.0,44.0,15.0,4.89,100.0,4.0,1.0,3.0,3.0,0.0,0.0,10.0,7.0,106.0,62.0,41.0,26.5,170.97,3.0,8.0,6.0,0.0,0.0,0.0,16.0,360.0,523.0,0.0,14.0,37.36,8.72,25.71,1.0,0.0,10.0,180.0,305.0,0.0,7.0,43.57,10.17,25.71,0.0,0.0,2.60cr
Sherfane Rutherford,WI,MI,24,0,All rounder,10,9.0,106.0,104.0,28.0,15.14,101.92,2.0,3.0,8.0,0.0,0.0,0.0,6.0,4.0,43.0,36.0,26.0,10.75,119.44,0.0,1.0,3.0,0.0,0.0,0.0,6.0,41.0,59.0,0.0,1.0,59.0,8.63,41.0,0.0,0.0,2.0,36.0,49.0,0.0,1.0,49.0,8.17,36.0,0.0,0.0,1cr
Anmolpreet Singh,IND,MI,24,0,Batting,3,3.0,29.0,27.0,16.0,9.67,107.41,0.0,3.0,1.0,0.0,0.0,0.0,,,,,,,,,,,,,,,,,,,,,,,,,,,,,,,,,,20l
Murugan Ashwin,IND,MI,32,0,Bowling,42,,,,,,,,,,,,,,,,,,,,,,,,,,42.0,846.0,1109.0,0.0,35.0,31.69,7.87,24.17,0.0,0.0,,,,,,,,,,,1.60cr
Fabian Allen,WI,MI,27,0,All rounder,5,4.0,14.0,19.0,8.0,7,73.68,2.0,1.0,0.0,0.0,0.0,0.0,34.0,24.0,267.0,195.0,34.0,16.69,136.92,8.0,15.0,21.0,4.0,0.0,0.0,4.0,90.0,136.0,1.0,2.0,68.0,9.07,45.0,0.0,0.0,29.0,521.0,646.0,1.0,24.0,26.92,7.44,21.71,0.0,0.0,75l
Kumar Kartikeya Singh,IND,MI,25,0,All rounder,4,1.0,3.0,5.0,3.0,3,60.0,0.0,0.0,0.0,0.0,0.0,0.0,,,,,,,,,,,,,,4.0,78.0,102.0,0.0,5.0,20.4,7.84,15.6,0.0,0.0,,,,,,,,,,,20l
Tristan Stubbs,SA,MI,22,0,Batting,2,2.0,2.0,4.0,2.0,1,50.0,0.0,0.0,0.0,1.0,0.0,0.0,13.0,9.0,173.0,105.0,72.0,21.62,164.76,1.0,11.0,12.0,1.0,1.0,0.0,,,,,,,,,,,,,,,,,,,,,20l
Jasprit Bumrah,IND,MI,29,0,Bowling,120,,,,,,,,,,,,,60.0,,,,,,,,,,,,,120.0,2742.0,3380.0,7.0,145.0,23.31,7.4,18.91,2.0,1.0,59.0,1283.0,1416.0,9.0,70.0,20.23,6.62,18.33,0.0,0.0,12cr
Riley Meredith,AUS,MI,26,0,Bowling,13,,,,,,,,,,,,,5.0,,,,,,,,,,,,,13.0,270.0,405.0,0.0,12.0,33.75,9.0,22.5,0.0,0.0,5.0,113.0,188.0,0.0,8.0,23.5,9.98,14.12,0.0,0.0,1cr
Tymal Mills,ENG,MI,30,0,Bowling,10,,,,,,,,,,,,,13.0,,,,,,,,,,,,,10.0,209.0,343.0,0.0,11.0,31.18,9.85,19.0,0.0,0.0,13.0,268.0,374.0,1.0,12.0,31.17,8.37,22.33,0.0,0.0,1.50cr
Basil Thampi,IND,MI,29,0,Bowling,25,,,,,,,,,,,,,,,,,,,,,,,,,,25.0,521.0,846.0,1.0,22.0,38.45,9.74,23.68,0.0,0.0,,,,,,,,,,,30l
Mayank Markande,IND,MI,25,0,Bowling,20,,,,,,,,,,,,,1.0,,,,,,,,,,,,,20.0,360.0,510.0,0.0,17.0,30.0,805.0,21.18,1.0,0.0,1.0,24.0,31.0,0.0,0.0,0.0,7.75,0.0,0.0,0.0,65l
Shikhar Dhawan,IND,PK,37,0,Batting,203,205.0,6243.0,4952.0,106.0,34.88,126.33,26.0,701.0,136.0,11.0,47.0,2.0,68.0,66.0,1759.0,1392.0,92.0,27.92,126.36,3.0,191.0,50.0,2.0,11.0,0.0,,,,,,,,,,,,,,,,,,,,,8.25cr
Liam Livingstone,ENG,PK,29,0,All rounder,23,23.0,549.0,329.0,70.0,27.45,166.87,3.0,38.0,40.0,0.0,4.0,0.0,29.0,24.0,423.0,286.0,103.0,22.26,147.9,5.0,25.0,25.0,2.0,0.0,1.0,13.0,144.0,215.0,0.0,6.0,35.83,8.96,24.0,0.0,0.0,20.0,300.0,405.0,0.0,15.0,27.0,8.1,20.0,0.0,0.0,11.50cr
Jonny Bairstow,ENG,PK,33,0,Batting,39,39.0,1291.0,905.0,114.0,35.86,142.65,3.0,133.0,55.0,2.0,9.0,1.0,66.0,60.0,1337.0,980.0,90.0,27.85,136.43,12.0,120.0,57.0,5.0,8.0,0.0,,,,,,,,,,,,,,,,,,,,,6.75cr
Jitesh Sharma,IND,PK,29,0,Batting,12,10.0,234.0,143.0,44.0,29.25,163.64,2.0,22.0,12.0,0.0,0.0,0.0,,,,,,,,,,,,,,,,,,,,,,,,,,,,,,,,,,20l
Bhanuka Rajapaksa,SL,PK,31,0,Batting,9,9.0,206.0,129.0,43.0,22.89,159.69,0.0,16.0,13.0,0.0,0.0,0.0,37.0,33.0,678.0,507.0,77.0,24.21,133.73,5.0,57.0,30.0,3.0,3.0,0.0,,,,,,,,,,,,,,,,,,,,,50l
Mayank Agarwal,IND,PK,32,1,Batting,113,107.0,2331.0,1733.0,106.0,22.63,134.51,4.0,227.0,91.0,7.0,12.0,1.0,,,,,,,,,,,,,,,,,,,,,,,,,,,,,,,,,,14cr
Shahrukh Khan,IND,PK,27,0,Batting,19,18.0,270.0,222.0,47.0,19.29,121.62,4.0,13.0,19.0,2.0,0.0,0.0,,,,,,,,,,,,,,,,,,,,,,,,,,,,,,,,,,9cr
Rahul Chahar,IND,PK,23,0,Bowling,55,,,,,,,,,,,,,6.0,,,,,,,,,,,,,54.0,1180.0,1477.0,1.0,57.0,25.91,7.51,20.7,1.0,0.0,6.0,132.0,167.0,0.0,7.0,23.86,7.59,18.86,0.0,0.0,5.25cr
Odean Smith,WI,PK,26,0,All rounder,6,6.0,51.0,44.0,25.0,17,115.91,3.0,1.0,5.0,1.0,0.0,0.0,24.0,17.0,162.0,116.0,27.0,13.5,139.66,5.0,12.0,10.0,2.0,0.0,0.0,6.0,90.0,178.0,0.0,6.0,29.66,11.86,15.0,1.0,0.0,23.0,414.0,679.0,0.0,24.0,28.29,9.84,17.25,0.0,0.0,6cr
Kagiso Rabada,SA,PK,27,0,Bowling,63,,,,,,,,,,,,,54.0,,,,,,,,,,,,,63.0,1428.0,1966.0,2.0,99.0,19.86,8.26,14.42,6.0,0.0,54.0,1159.0,1644.0,1.0,56.0,29.36,8.51,20.7,0.0,0.0,9.25cr
Rishi Dhawan,IND,PK,33,0,All rounder,32,21.0,190.0,175.0,25.0,21.11,108.57,12.0,17.0,6.0,1.0,0.0,0.0,1.0,1.0,1.0,2.0,1.0,0.0,50.0,1.0,0.0,0.0,0.0,0.0,0.0,31.0,602.0,796.0,1.0,24.0,33.17,7.93,25.08,0.0,0.0,1.0,24.0,42.0,0.0,1.0,42.0,10.5,24.0,0.0,0.0,55l
Harpreet Brar,IND,PK,27,0,All rounder,15,9.0,106.0,95.0,25.0,35.33,111.58,6.0,6.0,5.0,0.0,0.0,0.0,,,,,,,,,,,,,,15.0,288.0,374.0,1.0,9.0,41.56,7.79,32.0,0.0,0.0,,,,,,,,,,,3.80cr
Arshdeep Singh,IND,PK,24,0,Bowling,14,,,,,,,,,,,,,26.0,,,,,,,,,,,,,37.0,757.0,1054.0,1.0,40.0,26.35,8.35,18.93,0.0,1.0,26.0,521.0,729.0,1.0,41.0,17.78,8.4,12.71,1.0,0.0,4cr
Prabhsimran Singh,IND,PK,22,0,Batting,6,6.0,64.0,66.0,16.0,10.67,96.97,0.0,6.0,2.0,0.0,0.0,0.0,,,,,,,,,,,,,,,,,,,,,,,,,,,,,,,,,,60l
Rajangad Bawa,IND,PK,20,0,All rounder,2,2.0,11.0,14.0,11.0,5.5,78.57,0.0,1.0,0.0,1.0,0.0,0.0,,,,,,,,,,,,,,,,,,,,,,,,,,,,,,,,,,2cr
Vaibhav Arora,IND,PK,25,0,Bowling,5,,,,,,,,,,,,,,,,,,,,,,,,,,5.0,107.0,164.0,0.0,3.0,54.66,9.19,35.66,0.0,0.0,,,,,,,,,,,2cr
Prerak Mankad,IND,PK,28,0,Batting,1,1.0,4.0,1.0,4.0,0,400.0,1.0,1.0,0.0,0.0,0.0,0.0,,,,,,,,,,,,,,,,,,,,,,,,,,,,,,,,,,20l
Nathan Ellis,AUS,PK,28,0,Bowling,5,,,,,,,,,,,,,5.0,,,,,,,,,,,,,5.0,102.0,145.0,0.0,4.0,36.25,8.53,25.5,0.0,0.0,5.0,120.0,128.0,0.0,15.0,8.53,6.4,8.0,1.0,0.0,75l
Sandeep Sharma,IND,PK,29,0,Bowling,104,,,,,,,,,,,,,2.0,,,,,,,,,,,,,104.0,2318.0,3002.0,8.0,114.0,26.33,7.77,20.33,2.0,0.0,2.0,42.0,73.0,0.0,1.0,73.0,10.43,42.0,0.0,0.0,50l
Faf Du Plessis,SA,RCB,38,1,Batting,116,109.0,3403.0,2606.0,96.0,34.37,130.58,10.0,314.0,109.0,7.0,25.0,0.0,50.0,50.0,1528.0,1137.0,119.0,35.53,134.39,7.0,140.0,50.0,0.0,10.0,1.0,,,,,,,,,,,,,,,,,,,,,7cr
Virat Kohli,IND,RCB,34,9,Batting,223,215.0,6624.0,5129.0,113.0,36.2,129.15,32.0,578.0,218.0,9.0,44.0,5.0,115.0,107.0,4008.0,2905.0,122.0,52.74,137.97,31.0,356.0,117.0,4.0,37.0,1.0,,,,,,,,,,,,,,,,,,,,,15cr
Rajat Patidar,IND,RCB,29,0,Batting,12,11.0,404.0,280.0,112.0,40.4,144.29,1.0,30.0,21.0,0.0,2.0,1.0,,,,,,,,,,,,,,,,,,,,,,,,,,,,,,,,,,20l
Dinesh Karthik,IND,RCB,37,3,Batting,229,208.0,4376.0,3299.0,97.0,26.85,132.65,45.0,426.0,134.0,13.0,20.0,0.0,60.0,48.0,686.0,481.0,55.0,26.38,142.62,22.0,71.0,28.0,3.0,1.0,0.0,,,,,,,,,,,,,,,,,,,,,5.50cr
Glenn Maxwell,AUS,RCB,34,1,All rounder,110,106.0,2309.0,1507.0,95.0,25.48,153.88,15.0,197.0,127.0,12.0,13.0,0.0,98.0,90.0,2159.0,1430.0,145.0,28.41,150.98,14.0,176.0,106.0,3.0,10.0,3.0,66.0,786.0,1080.0,1.0,28.0,38.57,8.24,28.07,0.0,0.0,66.0,865.0,1076.0,0.0,39.0,27.59,7.46,22.18,0.0,0.0,11cr
Shahbaz Ahmed,IND,RCB,28,0,All rounder,29,19.0,279.0,235.0,45.0,18.6,118.72,4.0,18.0,11.0,0.0,0.0,0.0,,,,,,,,,,,,,,22.0,330.0,472.0,0.0,13.0,36.31,8.58,25.38,0.0,0.0,,,,,,,,,,,2.40cr
Anuj Rawat,IND,RCB,23,0,Batting,10,9.0,129.0,119.0,66.0,14.33,108.4,0.0,10.0,7.0,4.0,1.0,0.0,,,,,,,,,,,,,,,,,,,,,,,,,,,,,,,,,,3.20cr
Mahipal Lomror,IND,RCB,23,0,All rounder,18,15.0,267.0,208.0,47.0,20.54,128.37,2.0,15.0,13.0,0.0,0.0,0.0,,,,,,,,,,,,,,8.0,72.0,92.0,0.0,1.0,92.0,7.67,72.0,0.0,0.0,,,,,,,,,,,95l
Suyash S Prabhudessai,IND,RCB,25,0,Batting,5,5.0,67.0,59.0,34.0,13.4,113.56,0.0,7.0,2.0,0.0,0.0,0.0,,,,,,,,,,,,,,,,,,,,,,,,,,,,,,,,,,30l
Harshal Patel,IND,RCB,32,0,All rounder,78,36.0,230.0,178.0,36.0,10.45,129.21,14.0,15.0,13.0,6.0,0.0,0.0,25.0,10.0,77.0,57.0,18.0,12.83,135.09,4.0,9.0,3.0,1.0,0.0,0.0,76.0,1585.0,2218.0,2.0,97.0,22.87,8.4,16.34,2.0,1.0,24.0,503.0,770.0,0.0,29.0,26.55,9.18,17.34,1.0,0.0,10.75cr
Wanindu Hasaranga,SL,RCB,25,0,All rounder,18,9.0,39.0,45.0,18.0,4.88,86.67,1.0,4.0,1.0,3.0,0.0,0.0,55.0,46.0,503.0,413.0,71.0,13.59,121.79,9.0,54.0,5.0,4.0,1.0,0.0,18.0,378.0,490.0,1.0,26.0,18.85,7.78,14.54,1.0,1.0,53.0,1186.0,1345.0,1.0,89.0,15.11,6.8,13.33,2.0,0.0,10.75cr
Mohammed Siraj,IND,RCB,29,0,Bowling,65,,,,,,,,,,,,,8.0,,,,,,,,,,,,,65.0,1334.0,1951.0,4.0,59.0,33.07,8.78,22.61,1.0,0.0,8.0,192.0,294.0,1.0,11.0,26.73,9.19,17.45,1.0,0.0,7cr
Josh Hazlewood,AUS,RCB,32,0,Bowling,24,,,,,,,,,,,,,41.0,,,,,,,,,,,,,24.0,549.0,734.0,1.0,32.0,22.94,8.02,17.16,1.0,0.0,41.0,922.0,1181.0,4.0,58.0,20.36,7.69,15.9,4.0,0.0,7.75cr
David Willey,ENG,RCB,33,0,All rounder,7,2.0,18.0,30.0,18.0,9,60.0,0.0,3.0,0.0,1.0,0.0,0.0,43.0,26.0,226.0,173.0,33.0,15.07,130.64,11.0,15.0,13.0,2.0,0.0,0.0,7.0,126.0,167.0,0.0,3.0,55.67,7.95,42.0,0.0,0.0,43.0,865.0,1180.0,1.0,51.0,23.14,8.08,16.96,1.0,0.0,2cr
Akash Deep,IND,RCB,26,0,Bowling,5,,,,,,,,,,,,,,,,,,,,,,,,,,5.0,113.0,205.0,1.0,5.0,41.0,10.88,22.6,0.0,0.0,,,,,,,,,,,20l
Jos Buttler,ENG,RR,32,0,Batting,82,81.0,2831.0,1891.0,124.0,39.87,149.71,10.0,277.0,135.0,1.0,15.0,5.0,106.0,98.0,2713.0,1883.0,101.0,34.78,144.08,20.0,241.0,113.0,6.0,20.0,1.0,,,,,,,,,,,,,,,,,,,,,10cr
Sanju Samson,IND,RR,28,2,Batting,138,134.0,3526.0,2598.0,119.0,29.14,135.72,13.0,279.0,158.0,8.0,17.0,3.0,17.0,16.0,301.0,225.0,77.0,20.07,133.78,1.0,23.0,13.0,1.0,1.0,0.0,,,,,,,,,,,,,,,,,,,,,14cr
Devdutt Padikkal,IND,RR,22,0,Batting,46,46.0,1260.0,1013.0,101.0,28,124.38,1.0,135.0,36.0,3.0,7.0,1.0,2.0,2.0,38.0,38.0,29.0,19.0,100.0,0.0,2.0,1.0,0.0,0.0,0.0,,,,,,,,,,,,,,,,,,,,,7.75cr
Shimron Hetmyer,WI,RR,26,0,Batting,46,44.0,831.0,546.0,75.0,30.78,152.2,17.0,55.0,52.0,1.0,3.0,0.0,50.0,42.0,797.0,673.0,81.0,20.97,118.42,4.0,53.0,41.0,3.0,4.0,0.0,,,,,,,,,,,,,,,,,,,,,8.50cr
Yashasvi Jaiswal,IND,RR,21,0,Batting,23,23.0,547.0,406.0,68.0,23.78,134.73,0.0,62.0,22.0,2.0,3.0,0.0,,,,,,,,,,,,,,,,,,,,,,,,,,,,,,,,,,4cr
Ravichandran Ashwin,IND,RR,36,2,All rounder,184,75.0,647.0,550.0,50.0,13.48,117.64,27.0,51.0,21.0,9.0,1.0,0.0,65.0,19.0,184.0,160.0,31.0,26.29,115.0,12.0,17.0,4.0,0.0,0.0,0.0,181.0,3900.0,4534.0,4.0,157.0,28.88,6.98,24.84,1.0,0.0,65.0,1452.0,1672.0,3.0,72.0,23.22,6.91,20.17,2.0,0.0,5cr
Riyan Parag,IND,RR,21,0,All rounder,47,37.0,522.0,418.0,56.0,16.84,124.88,6.0,40.0,22.0,3.0,2.0,0.0,,,,,,,,,,,,,,19.0,157.0,280.0,0.0,4.0,70.0,10.7,39.25,0.0,0.0,,,,,,,,,,,3.80cr
Trent Boult,NZ,RR,33,0,Bowling,78,,,,,,,,,,,,,55.0,,,,,,,,,,,,,78.0,1789.0,2475.0,8.0,92.0,26.9,8.3,19.45,1.0,0.0,55.0,1257.0,1647.0,2.0,74.0,22.26,7.86,16.99,2.0,0.0,8cr
Daryl Mitchell,NZ,RR,31,0,All rounder,2,2.0,33.0,44.0,17.0,16.5,75.0,0.0,1.0,0.0,0.0,0.0,0.0,44.0,42.0,888.0,633.0,72.0,27.75,140.28,10.0,59.0,35.0,1.0,4.0,0.0,2.0,12.0,27.0,0.0,0.0,0.0,13.5,0.0,0.0,0.0,10.0,89.0,148.0,0.0,8.0,18.5,9.98,11.12,0.0,0.0,75l
James Neesham,NZ,RR,32,0,All rounder,14,10.0,92.0,93.0,22.0,10.22,98.92,1.0,6.0,2.0,2.0,0.0,2.0,60.0,48.0,688.0,431.0,48.0,22.19,159.63,17.0,49.0,41.0,5.0,0.0,0.0,13.0,216.0,334.0,0.0,8.0,41.75,9.28,27.0,0.0,0.0,40.0,495.0,753.0,0.0,25.0,30.12,9.13,19.8,0.0,0.0,1.50cr
Rassie van der Dussen,SA,RR,34,0,Batting,3,3.0,22.0,24.0,12.0,11,91.67,1.0,2.0,0.0,0.0,0.0,0.0,41.0,37.0,1044.0,811.0,94.0,36.0,128.73,8.0,66.0,45.0,1.0,7.0,0.0,,,,,,,,,,,,,,,,,,,,,1cr
Karun Nair,IND,RR,31,0,Batting,76,68.0,1496.0,1171.0,83.0,23.75,127.75,5.0,161.0,39.0,3.0,10.0,0.0,,,,,,,,,,,,,,,,,,,,,,,,,,,,,,,,,,1.40cr
Obed McCoy,WI,RR,26,0,Bowling,7,,,,,,,,,,,,,27.0,,,,,,,,,,,,,7.0,155.0,237.0,0.0,11.0,21.54,9.17,14.09,0.0,0.0,26.0,543.0,759.0,1.0,38.0,19.97,8.39,14.29,2.0,1.0,75l
Prasidh Krishna,IND,RR,27,0,Bowling,51,,,,,,,,,,,,,,,,,,,,,,,,,,51.0,1145.0,1703.0,3.0,49.0,34.76,8.92,23.37,1.0,0.0,,,,,,,,,,,10cr
Yuzvendra Chahal,IND,RR,32,0,Bowling,131,,,,,,,,,,,,,75.0,,,,,,,,,,,,,130.0,2856.0,3624.0,4.0,166.0,21.83,7.61,17.2,3.0,1.0,74.0,1656.0,2246.0,2.0,91.0,24.68,8.14,18.2,2.0,1.0,6.50cr
Navdeep Saini,IND,RR,30,0,Bowling,30,,,,,,,,,,,,,11.0,,,,,,,,,,,,,30.0,622.0,900.0,1.0,20.0,45.0,8.68,31.1,0.0,0.0,9.0,197.0,235.0,1.0,13.0,18.08,7.16,15.15,0.0,0.0,2.60cr
Nathan Coulter-Nile,AUS,RR,35,0,Bowling,39,,,,,,,,,,,,,28.0,,,,,,,,,,,,,38.0,857.0,1100.0,1.0,48.0,22.98,7.7,17.85,2.0,0.0,27.0,582.0,802.0,1.0,34.0,23.59,8.27,17.12,1.0,0.0,2cr
Kuldeep Sen,IND,RR,26,0,Bowling,7,,,,,,,,,,,,,,,,,,,,,,,,,,7.0,151.0,237.0,0.0,8.0,29.62,9.41,18.87,1.0,0.0,,,,,,,,,,,20l
Abhishek Sharma,IND,SRH,22,0,All rounder,36,34.0,667.0,493.0,75.0,23.82,135.29,6.0,64.0,25.0,1.0,22.0,0.0,,,,,,,,,,,,,,17.0,156.0,214.0,0.0,7.0,30.57,8.23,22.29,0.0,0.0,,,,,,,,,,,6.50cr
Rahul Tripathi,IND,SRH,32,0,Batting,76,74.0,1798.0,1277.0,93.0,27.66,140.8,9.0,176.0,68.0,3.0,10.0,0.0,5.0,5.0,97.0,67.0,44.0,19.4,144.78,0.0,11.0,5.0,1.0,0.0,0.0,,,,,,,,,,,,,,,,,,,,,8.5cr
Aiden Markram,SA,SRH,28,0,All rounder,20,18.0,527.0,393.0,68.0,40.54,134.1,5.0,37.0,23.0,0.0,3.0,0.0,31.0,27.0,879.0,595.0,70.0,38.22,147.73,4.0,73.0,39.0,1.0,9.0,0.0,6.0,60.0,87.0,0.0,1.0,87.0,8.7,60.0,0.0,0.0,12.0,138.0,169.0,2.0,7.0,24.14,7.35,19.71,0.0,0.0,2.60cr
Nicholas Pooran,WI,SRH,27,0,Batting,47,44.0,912.0,603.0,77.0,26.06,151.24,9.0,51.0,65.0,6.0,4.0,0.0,72.0,64.0,1427.0,1106.0,74.0,25.48,129.02,8.0,101.0,83.0,2.0,9.0,0.0,,,,,,,,,,,,,,,,,,,,,10.75cr
Kane Williamson,NZ,SRH,32,2,Batting,76,75.0,2101.0,1667.0,89.0,36.22,126.03,17.0,181.0,64.0,2.0,18.0,0.0,87.0,85.0,2464.0,2005.0,95.0,33.3,122.89,11.0,230.0,57.0,4.0,17.0,0.0,,,,,,,,,,,,,,,,,,,,,14cr
Washington Sundar,IND,SRH,23,0,All rounder,51,33.0,318.0,264.0,40.0,14.45,120.45,11.0,26.0,9.0,1.0,0.0,0.0,35.0,14.0,107.0,70.0,50.0,10.7,152.86,4.0,10.0,6.0,4.0,1.0,0.0,49.0,918.0,1106.0,1.0,33.0,33.52,7.23,27.82,0.0,0.0,33.0,675.0,813.0,1.0,29.0,28.03,7.23,25.28,0.0,0.0,8.75cr
Shashank Singh,IND,SRH,31,0,Batting,10,5.0,69.0,47.0,25.0,17.25,146.81,1.0,5.0,4.0,0.0,0.0,0.0,,,,,,,,,,,,,,,,,,,,,,,,,,,,,,,,,,20l
Romario Shepherd,WI,SRH,28,0,All rounder,3,3.0,58.0,41.0,26.0,29,141.46,1.0,2.0,5.0,0.0,0.0,0.0,23.0,9.0,198.0,133.0,44.0,39.6,148.87,4.0,7.0,17.0,0.0,0.0,0.0,3.0,54.0,98.0,0.0,3.0,32.66,10.88,18.0,0.0,0.0,20.0,371.0,650.0,0.0,21.0,30.95,10.51,17.67,0.0,0.0,7.75cr
Priyam Garg,IND,SRH,22,0,Batting,21,17.0,215.0,218.0,51.0,15.69,115.14,1.0,15.0,9.0,2.0,1.0,0.0,,,,,,,,,,,,,,,,,,,,,,,,,,,,,,,,,,20l
Bhuvneshwar Kumar,IND,SRH,33,1,Bowling,146,,,,,,,,,,,,,87.0,,,,,,,,,,,,,146.0,3262.0,3971.0,11.0,154.0,25.79,7.3,21.18,2.0,1.0,86.0,1719.0,2079.0,10.0,90.0,23.1,6.96,19.9,3.0,2.0,4.20cr
Shreyas Gopal,IND,SRH,29,0,All rounder,49,22.0,180.0,169.0,24.0,12.86,106.15,8.0,19.0,2.0,4.0,0.0,0.0,,,,,,,,,,,,,,48.0,949.0,1281.0,1.0,49.0,26.14,8.1,19.37,1.0,0.0,,,,,,,,,,,75l
Marco Jansen,SA,SRH,22,0,All rounder,10,5.0,9.0,10.0,8.0,3,90.0,2.0,0.0,1.0,2.0,0.0,0.0,1.0,1.0,12.0,17.0,12.0,12.0,70.59,0.0,1.0,1.0,0.0,0.0,0.0,10.0,228.0,319.0,0.0,9.0,35.44,8.39,25.33,0.0,0.0,1.0,24.0,38.0,0.0,1.0,38.0,9.5,24.0,0.0,0.0,4.20cr
Sean Abbott,AUS,SRH,31,0,All rounder,3,3.0,22.0,18.0,14.0,7.33,122.22,0.0,1.0,2.0,0.0,0.0,0.0,9.0,3.0,17.0,17.0,12.0,8.5,100.0,1.0,1.0,1.0,1.0,0.0,0.0,3.0,54.0,104.0,0.0,1.0,104.0,11.56,54.0,0.0,0.0,9.0,138.0,189.0,0.0,5.0,37.8,8.22,27.6,0.0,0.0,2.40cr
Kartik Tyagi,IND,SRH,22,0,Bowling,16,,,,,,,,,,,,,,,,,,,,,,,,,,16.0,361.0,570.0,0.0,14.0,40.71,9.47,25.79,0.0,0.0,,,,,,,,,,,4cr
Abdul Samad,IND,SRH,21,0,All rounder,25,20.0,226.0,159.0,33.0,14.12,142.14,4.0,12.0,14.0,2.0,0.0,0.0,,,,,,,,,,,,,,5.0,54.0,113.0,0.0,2.0,56.5,12.56,27.0,0.0,0.0,,,,,,,,,,,4cr
Umran Malik,IND,SRH,23,0,Bowling,17,,,,,,,,,,,,,8.0,,,,,,,,,,,,,17.0,367.0,540.0,1.0,24.0,22.5,8.83,15.29,1.0,1.0,8.0,139.0,243.0,0.0,11.0,22.09,10.49,12.64,0.0,0.0,4cr
Fazalhaq Farooqi,AFG,SRH,22,0,Bowling,3,,,,,,,,,,,,,19.0,,,,,,,,,,,,,3.0,72.0,110.0,0.0,2.0,55.0,9.16,36.0,0.0,0.0,,,,,,,,,,,50l
Jagadeesha Suchith,IND,SRH,29,0,All rounder,22,10.0,70.0,61.0,34.0,17.5,114.75,6.0,6.0,3.0,1.0,0.0,0.0,,,,,,,,,,,,,,21.0,420.0,602.0,0.0,19.0,31.68,8.6,22.11,0.0,0.0,,,,,,,,,,,20l
T Natarajan,IND,SRH,31,0,Bowling,35,,,,,,,,,,,,,4.0,,,,,,,,,,,,,35.0,759.0,1094.0,1.0,38.0,28.79,8.65,19.97,0.0,0.0,4.0,96.0,122.0,0.0,7.0,17.43,7.62,13.71,0.0,0.0,4cr
